id,ip_address
1,249.71.30.23
2,217.118.66.227
3,235.10.128.204
4,211.237.97.62
5,95.203.208.123
6,208.64.138.21
7,207.54.109.199
8,45.61.204.114
9,13.74.93.101
10,96.12.178.97
11,207.104.230.51
12,133.14.181.5
13,172.195.212.153
14,59.238.173.147
15,12.34.158.194
16,212.216.46.73
17,145.192.103.114
18,94.216.186.51
19,120.232.178.118
20,34.13.64.84
21,115.131.57.52
22,4.105.97.42
23,77.175.145.29
24,208.48.70.191
25,175.213.114.204
26,226.160.235.164
27,223.9.211.65
28,149.32.76.74
29,174.135.233.202
30,114.2.113.254
31,193.253.7.244
32,201.168.41.67
33,247.64.153.131
34,105.200.24.232
35,83.24.253.105
36,120.78.237.64
37,98.54.230.13
38,221.222.125.116
39,29.193.202.201
40,68.160.147.8
41,253.142.150.48
42,116.94.35.165
43,236.249.132.213
44,4.149.59.139
45,16.151.185.192
46,248.131.138.164
47,110.132.229.254
48,101.198.109.135
49,6.193.193.69
50,141.162.189.150
51,116.82.226.80
52,26.115.101.229
53,20.228.123.145
54,103.139.95.116
55,43.64.238.96
56,189.212.223.123
57,118.8.118.83
58,132.41.10.81
59,135.190.83.162
60,96.73.188.231
61,69.249.244.70
62,15.26.52.104
63,247.171.91.65
64,64.178.126.52
65,227.95.240.31
66,33.74.206.114
67,22.144.68.159
68,192.93.147.223
69,141.21.249.180
70,83.234.116.166
71,167.109.103.60
72,146.167.4.190
73,50.193.188.242
74,251.166.83.10
75,143.73.158.2
76,220.73.89.209
77,180.71.237.167
78,191.103.231.1
79,66.98.203.93
80,249.175.74.100
81,158.91.120.54
82,236.103.125.169
83,126.16.26.235
84,65.156.20.219
85,78.196.34.19
86,126.175.109.14
87,42.254.120.24
88,110.249.131.196
89,129.172.203.12
90,69.14.105.201
91,123.212.18.129
92,188.156.111.225
93,219.208.121.88
94,27.55.20.201
95,200.249.35.202
96,171.145.198.2
97,44.15.176.142
98,18.94.153.21
99,92.86.212.238
100,226.118.194.115
